{"id":"z8dgun3njd6vu0328notvq6x","version":"3","createdAt":"2023-09-28T13:45:50.159Z","updatedAt":"2023-10-27T13:32:03.878Z","icon":null,"name":"modelo","folderId":null,"groups":[{"id":"wh7mkn9frjvztu1u5dwgjfi5","title":"Start","blocks":[{"id":"cl1265zct0001mb1afel460do","type":"start","label":"Start","groupId":"wh7mkn9frjvztu1u5dwgjfi5","outgoingEdgeId":"wy4la6hx1jvl3x57jfu0xse2"}],"graphCoordinates":{"x":-325.6,"y":12.34}},{"id":"de19w0m4jkuewho56ki7zurw","title":"Name","blocks":[{"id":"cl1267q2c000e2e6dynjeg83n","type":"text","content":{"richText":[{"type":"p","children":[{"text":"Seja bem vindo! 👋"}]}]},"groupId":"de19w0m4jkuewho56ki7zurw"},{"id":"cl1267y1u000f2e6d4rlglv6g","type":"text","content":{"richText":[{"type":"p","children":[{"text":"Qual o seu nome?"}]}]},"groupId":"de19w0m4jkuewho56ki7zurw"},{"id":"cl126820m000g2e6dfleq78bt","type":"text input","groupId":"de19w0m4jkuewho56ki7zurw","options":{"isLong":false,"labels":{"button":"Send","placeholder":"Type your answer..."},"variableId":"cl126f4hf000i2e6d8zvzc3t1"},"outgoingEdgeId":"fpme79pz6160xhq4qktzobba"}],"graphCoordinates":{"x":450.03,"y":77.95}},{"id":"u7wa9oshhimednwhcheshg72","title":"Company","blocks":[{"id":"cl1266v6f000a2e6db7wj3ux7","type":"text","content":{"richText":[{"type":"p","children":[{"text":"Bem vindo {{Name}} 👋"}]}]},"groupId":"u7wa9oshhimednwhcheshg72"},{"id":"cl126hb9m000l2e6d5qk3mohn","type":"text","content":{"richText":[{"type":"p","children":[{"text":"Estou super entusiasmado por você ter decidido experimentar o Typebot 😍"}]}]},"groupId":"u7wa9oshhimednwhcheshg72"},{"id":"t9j8yusu8fackbfkye2h4fkj","type":"choice input","items":[{"id":"dxljvm4jmpfsfcasauv35hao","type":0,"blockId":"t9j8yusu8fackbfkye2h4fkj","content":"Sim","outgoingEdgeId":"h951orxsblmk130u3ke2u3ti"},{"id":"tctnyw4lbqh6f4ztaelzcsm2","type":0,"blockId":"t9j8yusu8fackbfkye2h4fkj","content":"Não","outgoingEdgeId":"t1rmyof3nmue8b1qae56g2de"}],"groupId":"u7wa9oshhimednwhcheshg72","options":{"buttonLabel":"Send","isSearchable":false,"isMultipleChoice":false,"searchInputPlaceholder":"Filter the options..."}}],"graphCoordinates":{"x":927.53,"y":-32.21}},{"id":"i24xdwgb84vy0gh9ibw5h60h","title":"Bot category","blocks":[{"id":"cl126krck00112e6d1m6ctxpn","type":"text","content":{"richText":[{"type":"p","children":[{"text":"Que tipo de bots você planeja construir com o Typebot?"}]}]},"groupId":"i24xdwgb84vy0gh9ibw5h60h"},{"id":"cl126lb8v00142e6duv5qe08l","type":"choice input","items":[{"id":"cl126onz9001g2e6dk0nbjeu6","type":0,"blockId":"cl126lb8v00142e6duv5qe08l","content":"Qualificação de leads"},{"id":"cl126lm6c00172e6d1pfvdiju","type":0,"blockId":"cl126lb8v00142e6duv5qe08l","content":"Suporte ao cliente"},{"id":"cl126orr2001h2e6d0fqs7737","type":0,"blockId":"cl126lb8v00142e6duv5qe08l","content":"Pesquisa de clientes"},{"id":"cl126oudu001i2e6dktwi7qwv","type":0,"blockId":"cl126lb8v00142e6duv5qe08l","content":"Integração do usuário"},{"id":"cl126luv500192e6dl317ssyr","type":0,"blockId":"cl126lb8v00142e6duv5qe08l","content":"Testes"},{"id":"cl126lz8q001a2e6d8b9lb3b5","type":0,"blockId":"cl126lb8v00142e6duv5qe08l","content":"Distribuição de conteúdo"},{"id":"cl126nf7k001d2e6dg2zczjgz","type":0,"blockId":"cl126lb8v00142e6duv5qe08l","content":"FAQ"},{"id":"cl126ngy8001e2e6ddfo5s9fm","type":0,"blockId":"cl126lb8v00142e6duv5qe08l","content":"Outro"}],"groupId":"i24xdwgb84vy0gh9ibw5h60h","options":{"variableId":"cl126mo3t001b2e6dvyi16bkd","buttonLabel":"Send","isMultipleChoice":true}},{"id":"cl1278gyk002w2e6d744eb87n","type":"Condition","items":[{"id":"cl1278gyk002x2e6dwmpzs3nf","type":1,"blockId":"cl1278gyk002w2e6d744eb87n","content":{"comparisons":[{"id":"cl1278irq002y2e6dv4965diw","value":"Other","variableId":"cl126mo3t001b2e6dvyi16bkd","comparisonOperator":"Contains"}],"logicalOperator":"AND"},"outgoingEdgeId":"hb156n90skly16c11gzig8n5"}],"groupId":"i24xdwgb84vy0gh9ibw5h60h","outgoingEdgeId":"jnvz0137f2kyfhgyhkd4q6hn"}],"graphCoordinates":{"x":1591.99,"y":2.09}},{"id":"tspkovpsc3jaydt6id2f9com","title":"Bye","blocks":[{"id":"cl126p76d001k2e6dbhnf2ysq","type":"text","content":{"richText":[{"type":"p","children":[{"text":"Obrigado por responder a essas perguntas!"}]}]},"groupId":"tspkovpsc3jaydt6id2f9com"},{"id":"cl126rfy6001t2e6d21gcb6b0","type":"image","content":{"url":"https://media4.giphy.com/media/l0amJzVHIAfl7jMDos/giphy.gif?cid=fe3852a3i4c33635xdtj3nesr9uq4zteujaab6b0jr42gpxx&rid=giphy.gif&ct=g"},"groupId":"tspkovpsc3jaydt6id2f9com"},{"id":"agi2i9xxed4jvv40rnrkf23r","type":"text","content":{"richText":[{"type":"p","children":[{"text":"Até breve 🚀"}]}]},"groupId":"tspkovpsc3jaydt6id2f9com"}],"graphCoordinates":{"x":2332.31,"y":259.59}},{"id":"agxn6zrsl9j8zifi4zw5vecc","title":"Other category","blocks":[{"id":"cl127yxym000b2e6d9hksxo6h","type":"text","content":{"richText":[{"type":"p","children":[{"text":"What else?"}]}]},"groupId":"agxn6zrsl9j8zifi4zw5vecc"},{"id":"cl126pv7n001o2e6dajltc4qz","type":"text input","groupId":"agxn6zrsl9j8zifi4zw5vecc","options":{"isLong":false,"labels":{"button":"Send","placeholder":"Type your answer"},"variableId":"cl126q38p001q2e6d0hj23f6b"},"outgoingEdgeId":"jveh3yuomxpiptlqh0kq97hq"}],"graphCoordinates":{"x":1944.5,"y":-35.17}},{"id":"lrtaj4i7219t184h8d0agrmg","title":"Validação inicial","blocks":[{"id":"rp5zol7hlmb4eq753qjvlqug","type":"text input","groupId":"lrtaj4i7219t184h8d0agrmg","options":{"isLong":false,"labels":{"button":"Send","placeholder":"Type your answer..."}},"outgoingEdgeId":"d9c0jwvlgvlhtcvtuf5lmwfm"}],"graphCoordinates":{"x":51.63,"y":-132.77}}],"variables":[{"id":"cl126f4hf000i2e6d8zvzc3t1","name":"Name"},{"id":"cl126jqww000w2e6dq9yv4ifq","name":"Company"},{"id":"cl126mo3t001b2e6dvyi16bkd","name":"Categories"},{"id":"cl126q38p001q2e6d0hj23f6b","name":"Other categories"}],"edges":[{"id":"hb156n90skly16c11gzig8n5","to":{"groupId":"agxn6zrsl9j8zifi4zw5vecc"},"from":{"itemId":"cl1278gyk002x2e6dwmpzs3nf","blockId":"cl1278gyk002w2e6d744eb87n","groupId":"i24xdwgb84vy0gh9ibw5h60h"}},{"id":"jnvz0137f2kyfhgyhkd4q6hn","to":{"groupId":"tspkovpsc3jaydt6id2f9com"},"from":{"blockId":"cl1278gyk002w2e6d744eb87n","groupId":"i24xdwgb84vy0gh9ibw5h60h"}},{"id":"fpme79pz6160xhq4qktzobba","to":{"groupId":"u7wa9oshhimednwhcheshg72"},"from":{"blockId":"cl126820m000g2e6dfleq78bt","groupId":"de19w0m4jkuewho56ki7zurw"}},{"id":"jveh3yuomxpiptlqh0kq97hq","to":{"groupId":"tspkovpsc3jaydt6id2f9com"},"from":{"blockId":"cl126pv7n001o2e6dajltc4qz","groupId":"agxn6zrsl9j8zifi4zw5vecc"}},{"id":"wy4la6hx1jvl3x57jfu0xse2","to":{"blockId":"rp5zol7hlmb4eq753qjvlqug","groupId":"lrtaj4i7219t184h8d0agrmg"},"from":{"blockId":"cl1265zct0001mb1afel460do","groupId":"wh7mkn9frjvztu1u5dwgjfi5"}},{"id":"d9c0jwvlgvlhtcvtuf5lmwfm","to":{"blockId":"cl1267y1u000f2e6d4rlglv6g","groupId":"de19w0m4jkuewho56ki7zurw"},"from":{"blockId":"rp5zol7hlmb4eq753qjvlqug","groupId":"lrtaj4i7219t184h8d0agrmg"}},{"id":"t1rmyof3nmue8b1qae56g2de","to":{"groupId":"i24xdwgb84vy0gh9ibw5h60h"},"from":{"itemId":"tctnyw4lbqh6f4ztaelzcsm2","blockId":"t9j8yusu8fackbfkye2h4fkj","groupId":"u7wa9oshhimednwhcheshg72"}},{"id":"h951orxsblmk130u3ke2u3ti","to":{"groupId":"i24xdwgb84vy0gh9ibw5h60h"},"from":{"itemId":"dxljvm4jmpfsfcasauv35hao","blockId":"t9j8yusu8fackbfkye2h4fkj","groupId":"u7wa9oshhimednwhcheshg72"}}],"theme":{"chat":{"inputs":{"color":"#303235","backgroundColor":"#FFFFFF","placeholderColor":"#9095A0"},"buttons":{"color":"#FFFFFF","backgroundColor":"#0042DA"},"hostAvatar":{"isEnabled":true},"hostBubbles":{"color":"#303235","backgroundColor":"#F7F8FF"},"guestBubbles":{"color":"#FFFFFF","backgroundColor":"#FF8E21"}},"general":{"font":"Open Sans","background":{"type":"Color","content":"#ffffff"}}},"selectedThemeTemplateId":null,"settings":{"general":{"isBrandingEnabled":true,"isInputPrefillEnabled":true,"isResultSavingEnabled":true,"isHideQueryParamsEnabled":true,"isNewResultOnRefreshEnabled":true},"metadata":{"description":"Build beautiful conversational forms and embed them directly in your applications without a line of code. Triple your response rate and collect answers that has more value compared to a traditional form."},"typingEmulation":{"speed":300,"enabled":true,"maxDelay":1.5}},"publicId":"zdg2","customDomain":null,"workspaceId":"cllct97gx0001pk5dabjgcyta","resultsTablePreferences":null,"isArchived":false,"isClosed":false}